{
"features": [
{"expression": "user:user_id", "feature_name": "is_user_f0", "feature_type": "id_feature"},
{"expression": "user:lbs_city_id", "feature_name": "is_user_f1", "feature_type": "id_feature"},
{"expression": "user:user_geohash5", "feature_name": "is_user_f2", "feature_type": "id_feature"},
{"expression": "user:user_lfcy_one", "feature_name": "is_user_f3", "feature_type": "id_feature"},
{"expression": "user:gender", "feature_name": "is_user_f4", "feature_type": "id_feature"},
{"expression": "user:purchase_total", "feature_name": "is_user_f5", "feature_type": "id_feature"},
{"expression": "user:age_class", "feature_name": "is_user_f6", "feature_type": "id_feature"},
{"expression": "user:baby_stage", "feature_name": "is_user_f7", "feature_type": "id_feature"},
{"expression": "user:home_city_name", "feature_name": "is_user_f8", "feature_type": "id_feature"},
{"expression": "user:freq_city_name", "feature_name": "is_user_f9", "feature_type": "id_feature"},
{"expression": "user:pred_life_stage_hasbaby", "feature_name": "is_user_f10", "feature_type": "id_feature"},
{"expression": "user:pred_life_stage_married", "feature_name": "is_user_f11", "feature_type": "id_feature"},
{"expression": "user:pred_is_undergraduate", "feature_name": "is_user_f12", "feature_type": "id_feature"},
{"expression": "user:pred_career_type", "feature_name": "is_user_f13", "feature_type": "id_feature"},
{"expression": "user:buyer_star_name", "feature_name": "is_user_f14", "feature_type": "id_feature"},
{"expression": "user:tm_level", "feature_name": "is_user_f15", "feature_type": "id_feature"},
{"expression": "user:pred_life_stage_haschild", "feature_name": "is_user_f16", "feature_type": "id_feature"},
{"expression": "user:is_high_end_consumer", "feature_name": "is_user_f17", "feature_type": "id_feature"},
{"expression": "user:fliggy_level", "feature_name": "is_user_f18", "feature_type": "id_feature"},
{"expression": "user:rt_pre_item_size", "feature_name": "is_user_f19", "feature_type": "id_feature"},
{"expression": "user:rt_pre_cate_size", "feature_name": "is_user_f20", "feature_type": "id_feature"},
{"expression": "user:rt_pre_city_size", "feature_name": "is_user_f21", "feature_type": "id_feature"},
{"expression": "user:rt_pre_prov_size", "feature_name": "is_user_f22", "feature_type": "id_feature"},
{"expression": "user:rt_pre_cnty_size", "feature_name": "is_user_f23", "feature_type": "id_feature"},
{"expression": "user:rt_pre_item_top1", "feature_name": "is_user_f24", "feature_type": "id_feature"},
{"expression": "user:rt_pre_cate_top1", "feature_name": "is_user_f25", "feature_type": "id_feature"},
{"expression": "user:rt_pre_poi_top1", "feature_name": "is_user_f26", "feature_type": "id_feature"},
{"expression": "user:rt_pre_tag_top1", "feature_name": "is_user_f27", "feature_type": "id_feature"},
{"expression": "user:rt_pre_city_top1", "feature_name": "is_user_f28", "feature_type": "id_feature"},
{"expression": "user:rt_pre_prov_top1", "feature_name": "is_user_f29", "feature_type": "id_feature"},
{"expression": "user:rt_pre_cnty_top1", "feature_name": "is_user_f30", "feature_type": "id_feature"},
{"expression": "user:pre_item_1d_top1", "feature_name": "is_user_f31", "feature_type": "id_feature"},
{"expression": "user:pre_cate_1d_top1", "feature_name": "is_user_f32", "feature_type": "id_feature"},
{"expression": "user:pre_dest_1d_top1", "feature_name": "is_user_f33", "feature_type": "id_feature"},
{"expression": "user:pre_poi_1d_top1", "feature_name": "is_user_f34", "feature_type": "id_feature"},
{"expression": "user:pre_tag_1d_top1", "feature_name": "is_user_f35", "feature_type": "id_feature"},
{"expression": "user:pre_item_3d_top1", "feature_name": "is_user_f36", "feature_type": "id_feature"},
{"expression": "user:pre_cate_3d_top1", "feature_name": "is_user_f37", "feature_type": "id_feature"},
{"expression": "user:pre_dest_3d_top1", "feature_name": "is_user_f38", "feature_type": "id_feature"},
{"expression": "user:pre_poi_3d_top1", "feature_name": "is_user_f39", "feature_type": "id_feature"},
{"expression": "user:pre_tag_3d_top1", "feature_name": "is_user_f40", "feature_type": "id_feature"},
{"expression": "user:pre_item_30d_top1", "feature_name": "is_user_f41", "feature_type": "id_feature"},
{"expression": "user:pre_cate_30d_top1", "feature_name": "is_user_f42", "feature_type": "id_feature"},
{"expression": "user:pre_dest_30d_top1", "feature_name": "is_user_f43", "feature_type": "id_feature"},
{"expression": "user:pre_poi_30d_top1", "feature_name": "is_user_f44", "feature_type": "id_feature"},
{"expression": "user:pre_tag_30d_top1", "feature_name": "is_user_f45", "feature_type": "id_feature"},
{"expression": "user:rt_traveling_city_top1", "feature_name": "is_user_f46", "feature_type": "id_feature"},
{"expression": "user:rt_traveled_city_top1", "feature_name": "is_user_f47", "feature_type": "id_feature"},
{"expression": "user:rt_traveled_city_top2", "feature_name": "is_user_f48", "feature_type": "id_feature"},
{"expression": "item:item_id", "feature_name": "is_item_f49", "feature_type": "id_feature"},
{"expression": "item:cate_id", "feature_name": "is_item_f50", "feature_type": "id_feature"},
{"expression": "item:pop_country_id", "feature_name": "is_item_f51", "feature_type": "id_feature"},
{"expression": "item:pop_province_id", "feature_name": "is_item_f52", "feature_type": "id_feature"},
{"expression": "item:pop_city_id", "feature_name": "is_item_f53", "feature_type": "id_feature"},
{"expression": "item:common_item_pctr_3d_disc", "feature_name": "is_item_f54", "feature_type": "id_feature"},
{"expression": "item:common_item_pctr_7d_disc", "feature_name": "is_item_f55", "feature_type": "id_feature"},
{"expression": "item:common_item_pctr_30d_disc", "feature_name": "is_item_f56", "feature_type": "id_feature"},
{"expression": "item:common_poi_pctr_3d_disc", "feature_name": "is_item_f57", "feature_type": "id_feature"},
{"expression": "item:common_poi_pctr_7d_disc", "feature_name": "is_item_f58", "feature_type": "id_feature"},
{"expression": "item:common_poi_pctr_30d_disc", "feature_name": "is_item_f59", "feature_type": "id_feature"},
{"expression": "item:common_tag_pctr_3d_disc", "feature_name": "is_item_f60", "feature_type": "id_feature"},
{"expression": "item:common_tag_pctr_7d_disc", "feature_name": "is_item_f61", "feature_type": "id_feature"},
{"expression": "item:common_tag_pctr_30d_disc", "feature_name": "is_item_f62", "feature_type": "id_feature"},
{"expression": "item:common_city_pctr_3d_disc", "feature_name": "is_item_f63", "feature_type": "id_feature"},
{"expression": "item:common_city_pctr_7d_disc", "feature_name": "is_item_f64", "feature_type": "id_feature"},
{"expression": "item:common_city_pctr_30d_disc", "feature_name": "is_item_f65", "feature_type": "id_feature"},
{"expression": "item:pop_score_disc", "feature_name": "is_item_f66", "feature_type": "id_feature"},
{"expression": "item:seller_num_disc", "feature_name": "is_item_f67", "feature_type": "id_feature"},
{"expression": "item:seller_goodnum_disc", "feature_name": "is_item_f68", "feature_type": "id_feature"},
{"expression": "item:pop_poi_id", "feature_name": "is_item_f69", "feature_type": "id_feature"},
{"expression": "item:pop_tag_id", "feature_name": "is_item_f70", "feature_type": "id_feature"},
{"expression": "item:purchase_level", "feature_name": "is_item_f71", "feature_type": "id_feature"},
{"expression": "user:user_lfcy_one", "feature_name": "user_lfcy_one", "feature_type": "raw_feature"},
{"feature_name":"pvid", "feature_type": "id_feature", "expression": "context:pvid"},


{"expression": "context:user_current_state", "feature_name": "user_current_state", "feature_type": "raw_feature", "value_type": "double"},

{"feature_name":"utlc_user_aware_city", "feature_type": "id_feature", "expression": "user:utlc_user_aware_city", "hash_bucket_size": 100000, "embed_size": 4, "shared": true, "shared_matrix_name": "low_dim_mat", "value_type": "string"},


{"expression": "context:next_state", "feature_name": "next_state", "feature_type": "raw_feature", "value_type": "double"},
{"expression": "context:label_1", "feature_name": "label_1", "feature_type": "raw_feature", "value_type": "double"},
{"expression": "context:label_2", "feature_name": "label_2", "feature_type": "raw_feature", "value_type": "double"},
{"expression": "context:label_3", "feature_name": "label_3", "feature_type": "raw_feature", "value_type": "double"},
{"expression": "context:label_4", "feature_name": "label_4", "feature_type": "raw_feature", "value_type": "double"},

{"expression": "context:label_mask_1", "feature_name": "label_mask_1", "feature_type": "raw_feature", "value_type": "double"},
{"expression": "context:label_mask_2", "feature_name": "label_mask_2", "feature_type": "raw_feature", "value_type": "double"},
{"expression": "context:label_mask_3", "feature_name": "label_mask_3", "feature_type": "raw_feature", "value_type": "double"},
{"expression": "context:label_mask_4", "feature_name": "label_mask_4", "feature_type": "raw_feature", "value_type": "double"},


 {
      "sequence_name": "clicks_set",
      "sequence_column": "user_recently_clicks_list",
      "sequence_length": 30,
      "sequence_delim": ";",
      "attribute_delim": "#",
      "sequence_table": "item",
      "sequence_pk": "user:user_bhvs_seq",
      "features": [
        {
          "feature_name": "click_city_id",
          "feature_type": "id_feature",
          "expression": "user:click_city_id",
          "need_prefix": false
        },
        {
          "feature_name": "click_cate_id",
          "feature_type": "id_feature",
          "expression": "user:click_cate_id",
          "need_prefix": false
        },
        {
          "feature_name": "click_type_id",
          "feature_type": "id_feature",
          "expression": "user:click_type_id",
          "need_prefix": false
        },
        {
          "feature_name": "click_item_id",
          "feature_type": "id_feature",
          "expression": "user:click_item_id",
          "need_prefix": false
        },
        {
          "feature_name": "click_poi_id",
          "feature_type": "id_feature",
          "expression": "user:click_poi_id",
          "need_prefix": false
        },
        {
          "feature_name": "click_tag_id",
          "feature_type": "id_feature",
          "expression": "user:click_tag_id",
          "need_prefix": false
        },
        {
          "feature_name": "click_time",
          "feature_type": "raw_feature",
          "expression": "user:click_time"
        },
        {
          "feature_name": "clicks_set_mask",
          "feature_type": "raw_feature",
          "expression": "user:clicks_set_mask"
        }
      ]
    },

    {
    "sequence_name": "user_state_seq",
    "sequence_column": "user_state_seq",
    "sequence_length": 30,
    "sequence_delim": ";",
    "attribute_delim": "#",
    "sequence_table": "item",
    "sequence_pk": "user:user_state_seq",
    "features": [
        {
        "feature_name": "user_state_list",
        "feature_type": "id_feature",
        "expression": "user:user_state_list",
        "need_prefix": false
        },
        {
        "feature_name": "user_state_time_gap",
        "feature_type": "raw_feature",
        "expression": "user:user_state_time_gap"
        },
        {
        "feature_name": "user_state_seq_mask",
        "feature_type": "raw_feature",
        "expression": "user:user_state_seq_mask"
        }
    ]
    },


    {
    "sequence_name": "user_state_seq_dup",
    "sequence_column": "user_state_seq_dup",
    "sequence_length": 5,
    "sequence_delim": ";",
    "attribute_delim": "#",
    "sequence_table": "item",
    "sequence_pk": "user:user_state_seq_dup",
    "features": [
        {
        "feature_name": "user_lfcy_seq",
        "feature_type": "id_feature",
        "expression": "user:user_lfcy_seq",
        "need_prefix": false
        },
        {
        "feature_name": "user_lfcy_session_seq",
        "feature_type": "raw_feature",
        "expression": "user:user_lfcy_session_seq"
        },
        {
        "feature_name": "user_state_seq_mask",
        "feature_type": "raw_feature",
        "expression": "user:user_state_seq_mask"
        }
    ]
    },


    {
    "sequence_name": "user_recently_clicks_list_v2",
    "sequence_column": "user_recently_clicks_list_v2",
    "sequence_length": 30,
    "sequence_delim": ";",
    "attribute_delim": "#",
    "sequence_table": "item",
    "sequence_pk": "user:user_recently_clicks_list_v2",
    "features": [
        {
        "feature_name": "click_city_id_v1",
        "feature_type": "id_feature",
        "expression": "user:click_city_id",
        "need_prefix": false
        },
        {
        "feature_name": "click_cate_id_v1",
        "feature_type": "id_feature",
        "expression": "user:click_cate_id",
        "need_prefix": false
        },
        {
        "feature_name": "click_type_id_v1",
        "feature_type": "id_feature",
        "expression": "user:click_type_id",
        "need_prefix": false
        },
        {
        "feature_name": "click_item_id_v1",
        "feature_type": "id_feature",
        "expression": "user:click_item_id",
        "need_prefix": false
        },
        {
        "feature_name": "click_poi_id_v1",
        "feature_type": "id_feature",
        "expression": "user:click_poi_id",
        "need_prefix": false
        },
        {
        "feature_name": "click_tag_id_v1",
        "feature_type": "id_feature",
        "expression": "user:click_tag_id",
        "need_prefix": false
        },
        {
        "feature_name": "click_time_v1",
        "feature_type": "raw_feature",
        "expression": "user:click_time"
        },
        {
        "feature_name": "click_user_lfcy_session",
        "feature_type": "raw_feature",
        "expression": "user:click_user_lfcy_session"
        },
        {
        "feature_name": "user_lfcy_one",
        "feature_type": "id_feature",
        "expression": "user:user_lfcy_one",
        "need_prefix": false
        },
        {
        "feature_name": "clicks_set_mask",
        "feature_type": "raw_feature",
        "expression": "user:clicks_set_mask"
        }
    ]
    }
]
}